Path,Class,Atom,Snippet,Line
/home/jovyan/work/workspace/Qualificacao/repos/PocketHub/app/src/main/java/com/github/pockethub/android/markwon/SvgDrawableTranscoder.java,com.github.pockethub.android.markwon.SvgDrawableTranscoder,Conditional Operator,(svg.getDocumentWidth() > 0) ? ((int) (svg.getDocumentWidth())) : 1024,23
/home/jovyan/work/workspace/Qualificacao/repos/PocketHub/app/src/main/java/com/github/pockethub/android/markwon/SvgDrawableTranscoder.java,com.github.pockethub.android.markwon.SvgDrawableTranscoder,Conditional Operator,((int) ((svg.getDocumentHeight() > 0) ? svg.getDocumentHeight() : width / ratio)),24
/home/jovyan/work/workspace/Qualificacao/repos/PocketHub/app/src/main/java/com/github/pockethub/android/core/repo/RepositoryEventMatcher.java,com.github.pockethub.android.core.repo.RepositoryEventMatcher,Logic as Control Flow,if ((event == null) || (event.payload() == null)) {     return null; },43
/home/jovyan/work/workspace/Qualificacao/repos/PocketHub/app/src/main/java/com/github/pockethub/android/core/repo/RepositoryEventMatcher.java,com.github.pockethub.android.core.repo.RepositoryEventMatcher,Logic as Control Flow,if ((((repository != null) && (!TextUtils.isEmpty(repository.name()))) && (repository.owner() != null)) && (!TextUtils.isEmpty(repository.owner().login()))) {     return repository; },51
/home/jovyan/work/workspace/Qualificacao/repos/PocketHub/app/src/main/java/com/github/pockethub/android/core/repo/RepositoryEventMatcher.java,com.github.pockethub.android.core.repo.RepositoryEventMatcher,Logic as Control Flow,(((repository != null) && (!TextUtils.isEmpty(repository.name()))) && (repository.owner() != null)) && (!TextUtils.isEmpty(repository.owner().login())),51
/home/jovyan/work/workspace/Qualificacao/repos/PocketHub/app/src/main/java/com/github/pockethub/android/core/repo/RepositoryEventMatcher.java,com.github.pockethub.android.core.repo.RepositoryEventMatcher,Logic as Control Flow,(((repository != null) && (!TextUtils.isEmpty(repository.name()))) && (repository.owner() != null)),51
/home/jovyan/work/workspace/Qualificacao/repos/PocketHub/app/src/main/java/com/github/pockethub/android/core/repo/RepositoryEventMatcher.java,com.github.pockethub.android.core.repo.RepositoryEventMatcher,Logic as Control Flow,if ((CreateEvent.equals(type) || WatchEvent.equals(type)) || PublicEvent.equals(type)) {     return ConvertUtils.eventRepoToRepo(event.repo()); },58
/home/jovyan/work/workspace/Qualificacao/repos/PocketHub/app/src/main/java/com/github/pockethub/android/core/repo/RepositoryEventMatcher.java,com.github.pockethub.android.core.repo.RepositoryEventMatcher,Logic as Control Flow,(CreateEvent.equals(type) || WatchEvent.equals(type)) || PublicEvent.equals(type),58
/home/jovyan/work/workspace/Qualificacao/repos/PocketHub/app/src/main/java/com/github/pockethub/android/ui/WebView.java,com.github.pockethub.android.ui.WebView,Logic as Control Flow,if (intercept && (getParent() != null)) {     getParent().requestDisallowInterceptTouchEvent(true); },73
/home/jovyan/work/workspace/Qualificacao/repos/PocketHub/app/src/main/java/com/github/pockethub/android/core/gist/GistEventMatcher.java,com.github.pockethub.android.core.gist.GistEventMatcher,Logic as Control Flow,if ((event == null) || (event.payload() == null)) {     return null; },36
/home/jovyan/work/workspace/Qualificacao/repos/PocketHub/app/src/main/java/com/github/pockethub/android/persistence/AccountDataManager.java,com.github.pockethub.android.persistence.AccountDataManager,Conditional Operator,forceReload ? dbCache.requestAndStore(userAndOrgsResource) : dbCache.loadOrRequest(userAndOrgsResource),162
/home/jovyan/work/workspace/Qualificacao/repos/PocketHub/app/src/main/java/com/github/pockethub/android/persistence/AccountDataManager.java,com.github.pockethub.android.persistence.AccountDataManager,Conditional Operator,forceReload ? dbCache.requestAndStore(resource) : dbCache.loadOrRequest(resource),181
/home/jovyan/work/workspace/Qualificacao/repos/PocketHub/app/src/main/java/com/github/pockethub/android/persistence/AccountDataManager.java,com.github.pockethub.android.persistence.AccountDataManager,Conditional Operator,repo.organization() != null ? repo.organization().id() : null,295
/home/jovyan/work/workspace/Qualificacao/repos/PocketHub/app/src/main/java/com/github/pockethub/android/persistence/AccountDataManager.java,com.github.pockethub.android.persistence.AccountDataManager,Conditional Operator,filter.getMilestone() != null ? filter.getMilestone().id() : null,345
/home/jovyan/work/workspace/Qualificacao/repos/PocketHub/app/src/main/java/com/github/pockethub/android/persistence/AccountDataManager.java,com.github.pockethub.android.persistence.AccountDataManager,Conditional Operator,filter.getAssignee() != null ? filter.getAssignee().id() : null,346
/home/jovyan/work/workspace/Qualificacao/repos/PocketHub/app/src/main/java/com/github/pockethub/android/util/GravatarUtils.java,com.github.pockethub.android.util.GravatarUtils,Conditional Operator,email.length() > 0 ? digest(email) : null,97
/home/jovyan/work/workspace/Qualificacao/repos/PocketHub/app/src/main/java/com/github/pockethub/android/core/code/RefreshTreeTask.java,com.github.pockethub.android.core.code.RefreshTreeTask,Logic as Control Flow,return ((ref != null) && (ref.object() != null)) && (!TextUtils.isEmpty(ref.object().sha())),67
/home/jovyan/work/workspace/Qualificacao/repos/PocketHub/app/src/main/java/com/github/pockethub/android/core/code/RefreshTreeTask.java,com.github.pockethub.android.core.code.RefreshTreeTask,Logic as Control Flow,((ref != null) && (ref.object() != null)) && (!TextUtils.isEmpty(ref.object().sha())),67
/home/jovyan/work/workspace/Qualificacao/repos/PocketHub/app/src/main/java/com/github/pockethub/android/core/issue/IssueStore.java,com.github.pockethub.android.core.issue.IssueStore,Conditional Operator,repoIssues != null ? repoIssues.get(number) : null,70
/home/jovyan/work/workspace/Qualificacao/repos/PocketHub/app/src/main/java/com/github/pockethub/android/core/issue/IssueStore.java,com.github.pockethub.android.core.issue.IssueStore,Logic as Control Flow,if ((url == null) || (url.length() == 0)) {     return null; },91
/home/jovyan/work/workspace/Qualificacao/repos/PocketHub/app/src/main/java/com/github/pockethub/android/core/issue/IssueStore.java,com.github.pockethub.android.core.issue.IssueStore,Logic as Control Flow,if ((((owner != null) && (owner.length() > 0)) && (name != null)) && (name.length() > 0)) {     return InfoUtils.createRepoFromData(owner name); } else {     return null; },109
/home/jovyan/work/workspace/Qualificacao/repos/PocketHub/app/src/main/java/com/github/pockethub/android/core/issue/IssueStore.java,com.github.pockethub.android.core.issue.IssueStore,Logic as Control Flow,(((owner != null) && (owner.length() > 0)) && (name != null)),109
/home/jovyan/work/workspace/Qualificacao/repos/PocketHub/app/src/main/java/com/github/pockethub/android/core/issue/IssueStore.java,com.github.pockethub.android.core.issue.IssueStore,Logic as Control Flow,if ((current != null) && current.equals(issue)) {     return current; },125
/home/jovyan/work/workspace/Qualificacao/repos/PocketHub/app/src/main/java/com/github/pockethub/android/ui/issue/EditStateTask.java,com.github.pockethub.android.ui.issue.EditStateTask,Conditional Operator,(close) ? string.closing_issue : string.reopening_issue,93
/home/jovyan/work/workspace/Qualificacao/repos/PocketHub/app/src/main/java/com/github/pockethub/android/ui/issue/EditStateTask.java,com.github.pockethub.android.ui.issue.EditStateTask,Conditional Operator,(close) ? IssueState.Closed : IssueState.Open,94
/home/jovyan/work/workspace/Qualificacao/repos/PocketHub/app/src/main/java/com/github/pockethub/android/core/gist/GistStore.java,com.github.pockethub.android.core.gist.GistStore,Logic as Control Flow,if ((files == null) || (files.size() < 2)) {     return files; },74
/home/jovyan/work/workspace/Qualificacao/repos/PocketHub/app/src/main/java/com/github/pockethub/android/core/gist/GistStore.java,com.github.pockethub.android.core.gist.GistStore,Logic as Control Flow,if ((current != null) && current.equals(gist)) {     return current; },91
/home/jovyan/work/workspace/Qualificacao/repos/PocketHub/app/src/main/java/com/github/pockethub/android/util/InfoUtils.java,com.github.pockethub.android.util.InfoUtils,Logic as Control Flow,if ((url == null) || (url.length() == 0)) {     return null; },25
/home/jovyan/work/workspace/Qualificacao/repos/PocketHub/app/src/main/java/com/github/pockethub/android/util/InfoUtils.java,com.github.pockethub.android.util.InfoUtils,Logic as Control Flow,if ((((owner != null) && (owner.length() > 0)) && (name != null)) && (name.length() > 0)) {     return createRepoFromData(owner name); } else {     return null; },43
/home/jovyan/work/workspace/Qualificacao/repos/PocketHub/app/src/main/java/com/github/pockethub/android/util/InfoUtils.java,com.github.pockethub.android.util.InfoUtils,Logic as Control Flow,(((owner != null) && (owner.length() > 0)) && (name != null)),43
/home/jovyan/work/workspace/Qualificacao/repos/PocketHub/app/src/main/java/com/github/pockethub/android/ui/issue/LabelsDialog.java,com.github.pockethub.android.ui.issue.LabelsDialog,Logic as Control Flow,if ((selectedLabels != null) && (!selectedLabels.isEmpty())) {     Set<String> selectedNames = new HashSet<>();     for (Label label : selectedLabels) {         selectedNames.add(label.name());     }     for (int i = 0; i < checked.length; i++) {         if (selectedNames.contains(labels.get(i).name())) {             checked[i] = true;         }     } },88
/home/jovyan/work/workspace/Qualificacao/repos/PocketHub/app/src/main/java/com/github/pockethub/android/util/MarkdownLoader.java,com.github.pockethub.android.util.MarkdownLoader,Conditional Operator,"repository != null ? String.format(""%s/%s"" repository.owner().login() repository.name()) : null",49
/home/jovyan/work/workspace/Qualificacao/repos/PocketHub/app/src/main/java/com/github/pockethub/android/util/MarkdownLoader.java,com.github.pockethub.android.util.MarkdownLoader,Conditional Operator,encode ? HtmlUtils.encode(html imageGetter) : html,55
/home/jovyan/work/workspace/Qualificacao/repos/PocketHub/app/src/main/java/com/github/pockethub/android/core/issue/IssueUriMatcher.java,com.github.pockethub.android.core.issue.IssueUriMatcher,Logic as Control Flow,"if ((!""issues"".equals(segments.get(2))) && (!""pull"".equals(segments.get(2)))) {     return null; }",45
/home/jovyan/work/workspace/Qualificacao/repos/PocketHub/app/src/main/java/com/github/pockethub/android/core/user/UserComparator.java,com.github.pockethub.android.core.user.UserComparator,Conditional Operator,rhsLogin.equals(login) ? 0 : -1,51
/home/jovyan/work/workspace/Qualificacao/repos/PocketHub/app/src/main/java/com/github/pockethub/android/core/user/UserComparator.java,com.github.pockethub.android.core.user.UserComparator,Conditional Operator,lhsLogin.equals(login) ? 0 : 1,55
/home/jovyan/work/workspace/Qualificacao/repos/PocketHub/app/src/main/java/com/github/pockethub/android/ui/repo/RepositoryPagerAdapter.java,com.github.pockethub.android.ui.repo.RepositoryPagerAdapter,Conditional Operator,(hasReadme) ? position : position + 1,61
/home/jovyan/work/workspace/Qualificacao/repos/PocketHub/app/src/main/java/com/github/pockethub/android/ui/repo/RepositoryPagerAdapter.java,com.github.pockethub.android.ui.repo.RepositoryPagerAdapter,Conditional Operator,(hasReadme) ? position : position + 1,81
/home/jovyan/work/workspace/Qualificacao/repos/PocketHub/app/src/main/java/com/github/pockethub/android/ui/repo/RepositoryPagerAdapter.java,com.github.pockethub.android.ui.repo.RepositoryPagerAdapter,Conditional Operator,(hasIssues) ? 5 : 4,103
/home/jovyan/work/workspace/Qualificacao/repos/PocketHub/app/src/main/java/com/github/pockethub/android/ui/repo/RepositoryPagerAdapter.java,com.github.pockethub.android.ui.repo.RepositoryPagerAdapter,Conditional Operator,(hasReadme) ? count : count - 1,104
/home/jovyan/work/workspace/Qualificacao/repos/PocketHub/app/src/main/java/com/github/pockethub/android/ui/repo/RepositoryPagerAdapter.java,com.github.pockethub.android.ui.repo.RepositoryPagerAdapter,Conditional Operator,hasReadme ? 2 : 1,113
/home/jovyan/work/workspace/Qualificacao/repos/PocketHub/app/src/main/java/com/github/pockethub/android/ui/repo/RepositoryPagerAdapter.java,com.github.pockethub.android.ui.repo.RepositoryPagerAdapter,Conditional Operator,hasReadme ? 3 : 2,120
/home/jovyan/work/workspace/Qualificacao/repos/PocketHub/app/src/main/java/com/github/pockethub/android/ui/repo/RepositoryPagerAdapter.java,com.github.pockethub.android.ui.repo.RepositoryPagerAdapter,Logic as Control Flow,return (codeFragment != null) && codeFragment.onBackPressed(),129
/home/jovyan/work/workspace/Qualificacao/repos/PocketHub/app/src/main/java/com/github/pockethub/android/ui/issue/EditAssigneeTask.java,com.github.pockethub.android.ui.issue.EditAssigneeTask,Conditional Operator,"(assignee != null) ? assignee.login() : """"",94
/home/jovyan/work/workspace/Qualificacao/repos/PocketHub/app/src/main/java/com/github/pockethub/android/ui/ref/RefDialog.java,com.github.pockethub.android.ui.ref.RefDialog,Logic as Control Flow,if (ref.equals(candidate) || ref.equals(RefUtils.getName(candidate))) {     checked = i;     break; },91
/home/jovyan/work/workspace/Qualificacao/repos/PocketHub/app/src/main/java/com/github/pockethub/android/accounts/AccountAuthenticatorService.java,com.github.pockethub.android.accounts.AccountAuthenticatorService,Conditional Operator,intent.getAction().equals(ACTION_AUTHENTICATOR_INTENT) ? getAuthenticator().getIBinder() : null,34
/home/jovyan/work/workspace/Qualificacao/repos/PocketHub/app/src/main/java/com/github/pockethub/android/ui/comment/CommentPreviewPagerAdapter.java,com.github.pockethub.android.ui.comment.CommentPreviewPagerAdapter,Conditional Operator,textFragment != null ? textFragment.getText() : null,81
/home/jovyan/work/workspace/Qualificacao/repos/PocketHub/app/src/main/java/com/github/pockethub/android/accounts/LoginWebViewActivity.java,com.github.pockethub.android.accounts.LoginWebViewActivity,Logic as Control Flow,return overrideOAuth(uri) || super.shouldOverrideUrlLoading(view url),91
/home/jovyan/work/workspace/Qualificacao/repos/PocketHub/app/src/main/java/com/github/pockethub/android/accounts/LoginWebViewActivity.java,com.github.pockethub.android.accounts.LoginWebViewActivity,Logic as Control Flow,return overrideOAuth(request.getUrl()) || super.shouldOverrideUrlLoading(view request),99
/home/jovyan/work/workspace/Qualificacao/repos/PocketHub/app/src/main/java/com/github/pockethub/android/accounts/AccountUtils.java,com.github.pockethub.android.accounts.AccountUtils,Conditional Operator,account != null ? account.name : null,111
/home/jovyan/work/workspace/Qualificacao/repos/PocketHub/app/src/main/java/com/github/pockethub/android/accounts/AccountUtils.java,com.github.pockethub.android.accounts.AccountUtils,Conditional Operator,accounts.length > 0 ? accounts[0] : null,123
/home/jovyan/work/workspace/Qualificacao/repos/PocketHub/app/src/main/java/com/github/pockethub/android/accounts/AccountUtils.java,com.github.pockethub.android.accounts.AccountUtils,Conditional Operator,(accounts != null) && (accounts.length > 0) ? accounts[0] : null,192
/home/jovyan/work/workspace/Qualificacao/repos/PocketHub/app/src/main/java/com/github/pockethub/android/accounts/AccountUtils.java,com.github.pockethub.android.accounts.AccountUtils,Logic as Control Flow,if ((descriptor != null) && ACCOUNT_TYPE.equals(descriptor.type)) {     HAS_AUTHENTICATOR = APPLICATION_ID.equals(descriptor.packageName);     break; },70
/home/jovyan/work/workspace/Qualificacao/repos/PocketHub/app/src/main/java/com/github/pockethub/android/core/ref/RefUtils.java,com.github.pockethub.android.core.ref.RefUtils,Logic as Control Flow,return (!TextUtils.isEmpty(name)) && name.startsWith(PREFIX_HEADS),45
/home/jovyan/work/workspace/Qualificacao/repos/PocketHub/app/src/main/java/com/github/pockethub/android/core/ref/RefUtils.java,com.github.pockethub.android.core.ref.RefUtils,Logic as Control Flow,return (ref != null) && isTag(ref.ref()),58
/home/jovyan/work/workspace/Qualificacao/repos/PocketHub/app/src/main/java/com/github/pockethub/android/core/ref/RefUtils.java,com.github.pockethub.android.core.ref.RefUtils,Logic as Control Flow,return (!TextUtils.isEmpty(name)) && name.startsWith(PREFIX_TAG),68
/home/jovyan/work/workspace/Qualificacao/repos/PocketHub/app/src/main/java/com/github/pockethub/android/core/ref/RefUtils.java,com.github.pockethub.android.core.ref.RefUtils,Logic as Control Flow,if ((!TextUtils.isEmpty(name)) && name.startsWith(PREFIX_REFS)) {     return name.substring(PREFIX_REFS.length()); } else {     return name; },82
/home/jovyan/work/workspace/Qualificacao/repos/PocketHub/app/src/main/java/com/github/pockethub/android/core/ref/RefUtils.java,com.github.pockethub.android.core.ref.RefUtils,Logic as Control Flow,return (!TextUtils.isEmpty(name)) && (!name.startsWith(PREFIX_PULL)),138
/home/jovyan/work/workspace/Qualificacao/repos/PocketHub/app/src/main/java/com/github/pockethub/android/ui/user/UriLauncherActivity.java,com.github.pockethub.android.ui.user.UriLauncherActivity,Logic as Control Flow,"if (TextUtils.isEmpty(data.getHost()) || TextUtils.isEmpty(data.getScheme())) {     String host = data.getHost();     if (TextUtils.isEmpty(host)) {         host = HOST_DEFAULT;     }     String scheme = data.getScheme();     if (TextUtils.isEmpty(scheme)) {         scheme = PROTOCOL_HTTPS;     }     String prefix = (scheme + ""://"") + host;     String path = data.getPath();     if (!TextUtils.isEmpty(path)) {         if (path.charAt(0) == '/') {             data = Uri.parse(prefix + path);         } else {             data = Uri.parse((prefix + '/') + path);         }     } else {         data = Uri.parse(prefix);     }     intent.setData(data); }",87
/home/jovyan/work/workspace/Qualificacao/repos/PocketHub/app/src/main/java/com/github/pockethub/android/ui/issue/IssuesPagerAdapter.java,com.github.pockethub.android.ui.issue.IssuesPagerAdapter,Logic as Control Flow,if ((issue != null) && (issue.user() != null)) {     Repository fullRepo = issue.repository();     if ((fullRepo != null) && (fullRepo.owner() != null)) {         args.putParcelable(EXTRA_USER fullRepo.owner());     } },103
/home/jovyan/work/workspace/Qualificacao/repos/PocketHub/app/src/main/java/com/github/pockethub/android/ui/issue/IssuesPagerAdapter.java,com.github.pockethub.android.ui.issue.IssuesPagerAdapter,Logic as Control Flow,if ((fullRepo != null) && (fullRepo.owner() != null)) {     args.putParcelable(EXTRA_USER fullRepo.owner()); },105
/home/jovyan/work/workspace/Qualificacao/repos/PocketHub/app/src/main/java/com/github/pockethub/android/core/commit/CommitStore.java,com.github.pockethub.android.core.commit.CommitStore,Conditional Operator,repoCommits != null ? repoCommits.get(id) : null,63
/home/jovyan/work/workspace/Qualificacao/repos/PocketHub/app/src/main/java/com/github/pockethub/android/core/commit/CommitStore.java,com.github.pockethub.android.core.commit.CommitStore,Logic as Control Flow,if ((current != null) && current.equals(commit)) {     return current; },75
/home/jovyan/work/workspace/Qualificacao/repos/PocketHub/app/src/main/java/com/github/pockethub/android/core/issue/IssueEventMatcher.java,com.github.pockethub.android.core.issue.IssueEventMatcher,Logic as Control Flow,if ((event == null) || (event.payload() == null)) {     return null; },38
/home/jovyan/work/workspace/Qualificacao/repos/PocketHub/app/src/main/java/com/github/pockethub/android/ui/user/UserNewsFragment.java,com.github.pockethub.android.ui.user.UserNewsFragment,Conditional Operator,(org != null) ? org.id().intValue() : -1,86
/home/jovyan/work/workspace/Qualificacao/repos/PocketHub/app/src/main/java/com/github/pockethub/android/ui/user/UserNewsFragment.java,com.github.pockethub.android.ui.user.UserNewsFragment,Logic as Control Flow,"if ((getArguments() != null) && getArguments().containsKey(""org"")) {     org = getArguments().getParcelable(""org""); }",53
/home/jovyan/work/workspace/Qualificacao/repos/PocketHub/app/src/main/java/com/github/pockethub/android/ui/user/UserNewsFragment.java,com.github.pockethub.android.ui.user.UserNewsFragment,Logic as Control Flow,if ((getActivity() != null) && (getActivity() instanceof OrganizationSelectionProvider)) {     OrganizationSelectionProvider selectionProvider = ((OrganizationSelectionProvider) (getActivity()));     selectionProvider.removeListener(this); },66
/home/jovyan/work/workspace/Qualificacao/repos/PocketHub/app/src/main/java/com/github/pockethub/android/ui/user/UserNewsFragment.java,com.github.pockethub.android.ui.user.UserNewsFragment,Logic as Control Flow,if ((owner != null) && org.login().equals(owner.login())) {     repository = repository.toBuilder().owner(org).build(); },77
/home/jovyan/work/workspace/Qualificacao/repos/PocketHub/app/src/main/java/com/github/pockethub/android/core/issue/IssueFilter.java,com.github.pockethub.android.core.issue.IssueFilter,Conditional Operator,assignee != null ? assignee.id() : null,404
/home/jovyan/work/workspace/Qualificacao/repos/PocketHub/app/src/main/java/com/github/pockethub/android/core/issue/IssueFilter.java,com.github.pockethub.android.core.issue.IssueFilter,Conditional Operator,milestone != null ? milestone.number() : null,405
/home/jovyan/work/workspace/Qualificacao/repos/PocketHub/app/src/main/java/com/github/pockethub/android/core/issue/IssueFilter.java,com.github.pockethub.android.core.issue.IssueFilter,Conditional Operator,assignee != null ? assignee.id() : null,406
/home/jovyan/work/workspace/Qualificacao/repos/PocketHub/app/src/main/java/com/github/pockethub/android/core/issue/IssueFilter.java,com.github.pockethub.android.core.issue.IssueFilter,Conditional Operator,repository != null ? repository.id() : null,407
/home/jovyan/work/workspace/Qualificacao/repos/PocketHub/app/src/main/java/com/github/pockethub/android/core/issue/IssueFilter.java,com.github.pockethub.android.core.issue.IssueFilter,Conditional Operator,((byte) (open ? 1 : 0)),481
/home/jovyan/work/workspace/Qualificacao/repos/PocketHub/app/src/main/java/com/github/pockethub/android/core/issue/IssueFilter.java,com.github.pockethub.android.core.issue.IssueFilter,Logic as Control Flow,if ((labels != null) && (!labels.isEmpty())) {     if (this.labels == null) {         this.labels = new ArrayList<>();     } else {         this.labels.clear();     }     this.labels.addAll(labels); } else {     this.labels = null; },226
/home/jovyan/work/workspace/Qualificacao/repos/PocketHub/app/src/main/java/com/github/pockethub/android/core/issue/IssueFilter.java,com.github.pockethub.android.core.issue.IssueFilter,Logic as Control Flow,if ((labels != null) && (!labels.isEmpty())) {     StringBuilder labelsQuery = new StringBuilder();     for (Label label : labels) {         labelsQuery.append(label.name()).append('');     }     filter.put(FILTER_LABELS labelsQuery.toString()); },341
/home/jovyan/work/workspace/Qualificacao/repos/PocketHub/app/src/main/java/com/github/pockethub/android/core/issue/IssueFilter.java,com.github.pockethub.android.core.issue.IssueFilter,Logic as Control Flow,"if ((labels != null) && (!labels.isEmpty())) {     StringBuilder builder = new StringBuilder(""Labels: "");     for (Label label : labels) {         builder.append(label.name()).append('').append(' ');     }     builder.deleteCharAt(builder.length() - 1);     builder.deleteCharAt(builder.length() - 1);     segments.add(builder.toString()); }",378
/home/jovyan/work/workspace/Qualificacao/repos/PocketHub/app/src/main/java/com/github/pockethub/android/core/issue/IssueFilter.java,com.github.pockethub.android.core.issue.IssueFilter,Logic as Control Flow,return (a != null) && a.equals(b),415
/home/jovyan/work/workspace/Qualificacao/repos/PocketHub/app/src/main/java/com/github/pockethub/android/core/issue/IssueFilter.java,com.github.pockethub.android.core.issue.IssueFilter,Logic as Control Flow,return ((a != null) && (b != null)) && (a.number() == b.number()),422
/home/jovyan/work/workspace/Qualificacao/repos/PocketHub/app/src/main/java/com/github/pockethub/android/core/issue/IssueFilter.java,com.github.pockethub.android.core.issue.IssueFilter,Logic as Control Flow,return ((a != null) && (b != null)) && (a.id() == b.id()),429
/home/jovyan/work/workspace/Qualificacao/repos/PocketHub/app/src/main/java/com/github/pockethub/android/core/issue/IssueFilter.java,com.github.pockethub.android.core.issue.IssueFilter,Logic as Control Flow,return ((a != null) && (b != null)) && (a.id() == b.id()),433
/home/jovyan/work/workspace/Qualificacao/repos/PocketHub/app/src/main/java/com/github/pockethub/android/core/issue/IssueFilter.java,com.github.pockethub.android.core.issue.IssueFilter,Logic as Control Flow,return ((((((open == other.open) && isEqual(milestone other.milestone)) && isEqual(assignee other.assignee)) && isEqual(repository repository)) && isEqual(labels other.labels)) && isEqual(sortType other.sortType)) && isEqual(direction other.direction),446
/home/jovyan/work/workspace/Qualificacao/repos/PocketHub/app/src/main/java/com/github/pockethub/android/core/issue/IssueFilter.java,com.github.pockethub.android.core.issue.IssueFilter,Logic as Control Flow,((((((open == other.open) && isEqual(milestone other.milestone)) && isEqual(assignee other.assignee)) && isEqual(repository repository)) && isEqual(labels other.labels)) && isEqual(sortType other.sortType)) && isEqual(direction other.direction),446
/home/jovyan/work/workspace/Qualificacao/repos/PocketHub/app/src/main/java/com/github/pockethub/android/core/issue/IssueFilter.java,com.github.pockethub.android.core.issue.IssueFilter,Logic as Control Flow,((((((open == other.open) && isEqual(milestone other.milestone)) && isEqual(assignee other.assignee)) && isEqual(repository repository)) && isEqual(labels other.labels)) && isEqual(sortType other.sortType)),446
/home/jovyan/work/workspace/Qualificacao/repos/PocketHub/app/src/main/java/com/github/pockethub/android/core/issue/IssueFilter.java,com.github.pockethub.android.core.issue.IssueFilter,Logic as Control Flow,(((((open == other.open) && isEqual(milestone other.milestone)) && isEqual(assignee other.assignee)) && isEqual(repository repository)) && isEqual(labels other.labels)),446
/home/jovyan/work/workspace/Qualificacao/repos/PocketHub/app/src/main/java/com/github/pockethub/android/core/issue/IssueFilter.java,com.github.pockethub.android.core.issue.IssueFilter,Logic as Control Flow,((((open == other.open) && isEqual(milestone other.milestone)) && isEqual(assignee other.assignee)) && isEqual(repository repository)),446
/home/jovyan/work/workspace/Qualificacao/repos/PocketHub/app/src/main/java/com/github/pockethub/android/core/issue/IssueFilter.java,com.github.pockethub.android.core.issue.IssueFilter,Logic as Control Flow,(((open == other.open) && isEqual(milestone other.milestone)) && isEqual(assignee other.assignee)),446
/home/jovyan/work/workspace/Qualificacao/repos/PocketHub/app/src/main/java/com/github/pockethub/android/core/issue/IssueFilter.java,com.github.pockethub.android.core.issue.IssueFilter,Type Conversion,(byte) (open ? 1 : 0),481
/home/jovyan/work/workspace/Qualificacao/repos/PocketHub/app/src/main/java/com/github/pockethub/android/core/code/FullTree.java,com.github.pockethub.android.core.code.FullTree,Logic as Control Flow,if ((entries != null) && (!entries.isEmpty())) {     for (GitTreeEntry entry : entries) {         root.add(entry);     } },192
/home/jovyan/work/workspace/Qualificacao/repos/PocketHub/app/src/main/java/com/github/pockethub/android/ui/issue/EditCommentActivity.java,com.github.pockethub.android.ui.issue.EditCommentActivity,Conditional Operator,comment != null ? comment.body() : null,126
/home/jovyan/work/workspace/Qualificacao/repos/PocketHub/app/src/main/java/com/github/pockethub/android/util/HttpImageGetter.java,com.github.pockethub.android.util.HttpImageGetter,Logic as Control Flow,if ((val.charAt(val.length() - 1) == '\n') && (val.charAt(val.length() - 2) == '\n')) {     val = val.subSequence(0 val.length() - 2); },134
/home/jovyan/work/workspace/Qualificacao/repos/PocketHub/app/src/main/java/com/github/pockethub/android/util/HttpImageGetter.java,com.github.pockethub.android.util.HttpImageGetter,Logic as Control Flow,if ((currentEncoded == null) || (!currentEncoded.toString().equals(encoded.toString()))) {     fullHtmlCache.remove(id); },157
/home/jovyan/work/workspace/Qualificacao/repos/PocketHub/app/src/main/java/com/github/pockethub/android/util/HttpImageGetter.java,com.github.pockethub.android.util.HttpImageGetter,Logic as Control Flow,"!(""raw"".equals(prefix) || (""blob"".equals(prefix) && (!TextUtils.isEmpty(uri.getQueryParameter(""raw"")))))",264
/home/jovyan/work/workspace/Qualificacao/repos/PocketHub/app/src/main/java/com/github/pockethub/android/util/HttpImageGetter.java,com.github.pockethub.android.util.HttpImageGetter,Logic as Control Flow,"(""raw"".equals(prefix) || (""blob"".equals(prefix) && (!TextUtils.isEmpty(uri.getQueryParameter(""raw"")))))",264
/home/jovyan/work/workspace/Qualificacao/repos/PocketHub/app/src/main/java/com/github/pockethub/android/RequestWriter.java,com.github.pockethub.android.RequestWriter,Logic as Control Flow,if ((dir != null) && (!dir.exists())) {     dir.mkdirs(); },51
/home/jovyan/work/workspace/Qualificacao/repos/PocketHub/app/src/main/java/com/github/pockethub/android/util/HtmlUtils.java,com.github.pockethub.android.util.HtmlUtils,Infix Operator Precedence,x + dir * 6,65
/home/jovyan/work/workspace/Qualificacao/repos/PocketHub/app/src/main/java/com/github/pockethub/android/util/HtmlUtils.java,com.github.pockethub.android.util.HtmlUtils,Conditional Operator,(ordered) ? 1 : -1,123
/home/jovyan/work/workspace/Qualificacao/repos/PocketHub/app/src/main/java/com/github/pockethub/android/util/HtmlUtils.java,com.github.pockethub.android.util.HtmlUtils,Conditional Operator,spans.length > 0 ? spans[spans.length - 1] : null,253
/home/jovyan/work/workspace/Qualificacao/repos/PocketHub/app/src/main/java/com/github/pockethub/android/util/HtmlUtils.java,com.github.pockethub.android.util.HtmlUtils,Logic as Control Flow,while ((output.length() > 0) && (output.charAt(0) == '\n')) {     output.delete(0 1); } ,227
/home/jovyan/work/workspace/Qualificacao/repos/PocketHub/app/src/main/java/com/github/pockethub/android/util/HtmlUtils.java,com.github.pockethub.android.util.HtmlUtils,Logic as Control Flow,while ((last >= 0) && (output.charAt(last) == '\n')) {     output.delete(last last + 1);     last = output.length() - 1; } ,233
/home/jovyan/work/workspace/Qualificacao/repos/PocketHub/app/src/main/java/com/github/pockethub/android/util/HtmlUtils.java,com.github.pockethub.android.util.HtmlUtils,Logic as Control Flow,if ((length >= breakLength) && (input.lastIndexOf(BREAK) == (length - breakLength))) {     input.delete(length - breakLength length); } else if (Character.isWhitespace(input.charAt(0))) {     input.deleteCharAt(0); } else if (Character.isWhitespace(input.charAt(length - 1))) {     input.deleteCharAt(length - 1); } else {     break; },502
/home/jovyan/work/workspace/Qualificacao/repos/PocketHub/app/src/main/java/com/github/pockethub/android/markwon/AlignHandler.java,com.github.pockethub.android.markwon.AlignHandler,Conditional Operator,"align == null ? ""no-alignment"" : align",28
/home/jovyan/work/workspace/Qualificacao/repos/PocketHub/app/src/main/java/com/github/pockethub/android/ui/commit/DiffStyler.java,com.github.pockethub.android.ui.commit.DiffStyler,Conditional Operator,lines != null ? lines : Collections.emptyList(),137
/home/jovyan/work/workspace/Qualificacao/repos/PocketHub/app/src/main/java/com/github/pockethub/android/ui/commit/DiffStyler.java,com.github.pockethub.android.ui.commit.DiffStyler,Logic as Control Flow,if ((files == null) || files.isEmpty()) {     return this; },102
/home/jovyan/work/workspace/Qualificacao/repos/PocketHub/app/src/main/java/com/github/pockethub/android/core/ItemStore.java,com.github.pockethub.android.core.ItemStore,Conditional Operator,ref != null ? ref.get() : null,81
/home/jovyan/work/workspace/Qualificacao/repos/PocketHub/app/src/main/java/com/github/pockethub/android/util/SourceEditor.java,com.github.pockethub.android.util.SourceEditor,Logic as Control Flow,boolean encoded = (!TextUtils.isEmpty(content)) && ENCODING_BASE64.equals(blob.encoding()),189
/home/jovyan/work/workspace/Qualificacao/repos/PocketHub/app/src/main/java/com/github/pockethub/android/core/commit/FullCommitFile.java,com.github.pockethub.android.core.commit.FullCommitFile,Conditional Operator,lineComments != null ? lineComments : Collections.emptyList(),53
/home/jovyan/work/workspace/Qualificacao/repos/PocketHub/app/src/main/java/com/github/pockethub/android/util/ShareUtils.java,com.github.pockethub.android.util.ShareUtils,Conditional Operator,intent != null ? intent.getStringExtra(EXTRA_TEXT) : null,55
/home/jovyan/work/workspace/Qualificacao/repos/PocketHub/app/src/main/java/com/github/pockethub/android/util/ShareUtils.java,com.github.pockethub.android.util.ShareUtils,Conditional Operator,intent != null ? intent.getStringExtra(EXTRA_SUBJECT) : null,65
/home/jovyan/work/workspace/Qualificacao/repos/PocketHub/app/src/main/java/com/github/pockethub/android/core/issue/IssueUtils.java,com.github.pockethub.android.core.issue.IssueUtils,Logic as Control Flow,return ((issue != null) && (issue.pullRequest() != null)) && (!TextUtils.isEmpty(issue.pullRequest().htmlUrl())),35
/home/jovyan/work/workspace/Qualificacao/repos/PocketHub/app/src/main/java/com/github/pockethub/android/core/issue/IssueUtils.java,com.github.pockethub.android.core.issue.IssueUtils,Logic as Control Flow,((issue != null) && (issue.pullRequest() != null)) && (!TextUtils.isEmpty(issue.pullRequest().htmlUrl())),35
/home/jovyan/work/workspace/Qualificacao/repos/PocketHub/app/src/main/java/com/github/pockethub/android/RequestReader.java,com.github.pockethub.android.RequestReader,Logic as Control Flow,if ((!handle.exists()) || (handle.length() == 0)) {     return null; },58
/home/jovyan/work/workspace/Qualificacao/repos/PocketHub/app/src/main/java/com/github/pockethub/android/ui/gist/GistFilesPagerAdapter.java,com.github.pockethub.android.ui.gist.GistFilesPagerAdapter,Logic as Control Flow,if ((gistFiles != null) && (!gistFiles.isEmpty())) {     files = gistFiles.values().toArray(new GistFile[gistFiles.size()]); } else {     files = new GistFile[0]; },45
/home/jovyan/work/workspace/Qualificacao/repos/PocketHub/app/src/main/java/com/github/pockethub/android/ui/gist/EditCommentActivity.java,com.github.pockethub.android.ui.gist.EditCommentActivity,Conditional Operator,comment != null ? comment.body() : null,114
/home/jovyan/work/workspace/Qualificacao/repos/PocketHub/app/src/main/java/com/github/pockethub/android/accounts/LoginActivity.java,com.github.pockethub.android.accounts.LoginActivity,Logic as Control Flow,"if (clientId.equals(""dummy_client"") || secret.equals(""dummy_secret"")) {     Toast.makeText(this error_oauth_not_configured LENGTH_LONG).show(); }",125
/home/jovyan/work/workspace/Qualificacao/repos/PocketHub/app/src/main/java/com/github/pockethub/android/accounts/LoginActivity.java,com.github.pockethub.android.accounts.LoginActivity,Logic as Control Flow,"if ((uri != null) && uri.getScheme().equals(getString(github_oauth_scheme))) {     openLoadingDialog();     String code = uri.getQueryParameter(""code"");     RequestToken request = RequestToken.builder().clientId(clientId).clientSecret(secret).redirectUri(redirectUri).code(code).build();     ServiceGenerator.createAuthService().getToken(request).subscribeOn(Schedulers.io()).observeOn(AndroidSchedulers.mainThread()).as(AutoDisposeUtils.bindToLifecycle(this)).subscribe(( response) -> {         GitHubToken token = response.body();         if (token.accessToken() != null) {             endAuth(token.accessToken() token.scope());         } else if (token.error() != null) {             Toast.makeText(this token.error() Toast.LENGTH_LONG).show();             progressDialog.dismiss();         }     } Throwable::printStackTrace); }",138
/home/jovyan/work/workspace/Qualificacao/repos/PocketHub/app/src/main/java/com/github/pockethub/android/ui/repo/RecentRepositories.java,com.github.pockethub.android.ui.repo.RecentRepositories,Conditional Operator,repo != null ? add(repo.id()) : this,94
/home/jovyan/work/workspace/Qualificacao/repos/PocketHub/app/src/main/java/com/github/pockethub/android/ui/repo/RecentRepositories.java,com.github.pockethub.android.ui.repo.RecentRepositories,Conditional Operator,repo != null ? remove(repo.id()) : this,120
/home/jovyan/work/workspace/Qualificacao/repos/PocketHub/app/src/main/java/com/github/pockethub/android/ui/repo/RecentRepositories.java,com.github.pockethub.android.ui.repo.RecentRepositories,Logic as Control Flow,while (iterator.hasNext() && (ids.size() > MAX_SIZE)) {     iterator.next();     iterator.remove(); } ,81
/home/jovyan/work/workspace/Qualificacao/repos/PocketHub/app/src/main/java/com/github/pockethub/android/ui/repo/RecentRepositories.java,com.github.pockethub.android.ui.repo.RecentRepositories,Logic as Control Flow,return (repository != null) && contains(repository.id()),176
/home/jovyan/work/workspace/Qualificacao/repos/PocketHub/app/src/main/java/com/github/pockethub/android/core/user/UserEventMatcher.java,com.github.pockethub.android.core.user.UserEventMatcher,Logic as Control Flow,if ((event == null) || (event.payload() == null)) {     return null; },56
/home/jovyan/work/workspace/Qualificacao/repos/PocketHub/app/src/main/java/com/github/pockethub/android/core/commit/FullCommit.java,com.github.pockethub.android.core.commit.FullCommit,Logic as Control Flow,if ((rawFiles != null) && (!rawFiles.isEmpty())) {     files = new ArrayList<>(rawFiles.size());     for (GitHubFile file : rawFiles) {         files.add(new FullCommitFile(file));     } } else {     files = Collections.emptyList(); },51
/home/jovyan/work/workspace/Qualificacao/repos/PocketHub/app/src/main/java/com/github/pockethub/android/core/commit/FullCommit.java,com.github.pockethub.android.core.commit.FullCommit,Logic as Control Flow,boolean hasComments = (comments != null) && (!comments.isEmpty()),72
/home/jovyan/work/workspace/Qualificacao/repos/PocketHub/app/src/main/java/com/github/pockethub/android/core/commit/FullCommit.java,com.github.pockethub.android.core.commit.FullCommit,Logic as Control Flow,boolean hasFiles = (rawFiles != null) && (!rawFiles.isEmpty()),73
